ticker,listed_at,delisted_at
IVV,,
IEFA,,
AGG,,
IWF,,
IJH,,
IJR,,
IEMG,,
IWM,,
IWD,,
ITOT,,
EFA,,
TLT,,
IVW,,
QUAL,,
MUB,,
IXUS,,
IWB,,
IWR,,
IVE,,
LQD,,
MBB,,
IAU,,
IEF,,
IUSB,,
DGRO,,
GOVT,,
SHY,,
USMV,,
IGSB,,
SGOV,,
ACWI,,
TIP,,
DVY,,
EEM,,
SHV,,
IBIT,,
EWJ,,
IUSG,,
EFV,,
IUSV,,
IYW,,
HYG,,
IWP,,
PFF,,
IWS,,
EMB,,
IWV,,
IDEV,,
IEI,,
EMXC,,
IGIB,,
ESGU,,
SOXX,,
IWN,,
EFG,,
SLV,,
OEF,,
USHY,,
IWO,,
USIG,,
HDV,,
MTUM,,
SCZ,,
IJK,,
INDA,,
IWY,,
SUB,,
IQLT,,
ESGD,,
STIP,,
TLH,,
EZU,,
IJJ,,
IGV,,
IBB,,
DYNF,,
FLOT,,
VLUE,,
IJS,,
EFAV,,
TFLO,,
HEFA,,
ITA,,
SHYG,,
IAGG,,
IJT,,
ICSH,,
IHI,,
EWY,,
IOO,,
EWZ,,
MCHI,,
ACWX,,
FXI,,
IXN,,
IEUR,,
EEMV,,
DSI,,
IGM,,
ACWV,,
IYR,,
IDV,,
ESGE,,
EWT,,
ISTB,,
IXJ,,
EAGG,,
IGF,,
REET,,
IXC,,
SUSA,,
IYH,,
XT,,
URTH,,
GVI,,
ITB,,
NEAR,,
IBTE,,
EWC,,
CMF,,
BINC,,
IBDP,,
EWU,,
IBDQ,,
IYF,,
IBDR,,
ICLN,,
IFRA,,
AAXJ,,
USRT,,
IBDS,,
IBTF,,
IGLB,,
EWW,,
IWX,,
SLQD,,
ILCG,,
IPAC,,
IMTM,,
IMCG,,
ICF,,
AOR,,
USCL,,
EPP,,
IYY,,
EWA,,
LRGF,,
AOA,,
ICVT,,
IVLU,,
IBDT,,
PABU,,
FALN,,
ILF,,
IEV,,
ESML,,
IYJ,,
AIA,,
LCTU,,
IYE,,
EUFN,,
AOM,,
IYG,,
IYK,,
IWL,,
IBDU,,
IAUM,,
SUSL,,
PICK,,
EWL,,
GSG,,
SUSC,,
SMMD,,
EWP,,
QLTA,,
INTF,,
IYC,,
SMLF,,
EWG,,
IBTG,,
USXF,,
IYT,,
CRBN,,
ILCV,,
TLTW,,
IWC,,
ILCB,,
IDU,,
INDY,,
IEO,,
IMCB,,
SMIN,,
SUSB,,
KXI,,
IBDV,,
KSA,,
IHAK,,
IHF,,
IBDW,,
SMMV,,
IBTH,,
EUSA,,
IHE,,
DVYE,,
NYF,,
COMT,,
EWQ,,
IRBO,,
IAK,,
IGRO,,
DMXF,,
AGZ,,
MEAR,,
IYM,,
IAT,,
IMCV,,
EUSB,,
REZ,,
AOK,,
REM,,
ILTB,,
IGEB,,
IGE,,
EMGF,,
ECH,,
EXI,,
ISCF,,
IBDX,,
ISCG,,
IBMN,,
HYDB,,
IGOV,,
EWH,,
EIDO,,
IAI,,
IBMM,,
RING,,
IBHD,,
IBHE,,
IBTI,,
FM,,
LEMB,,
IBMO,,
CMBS,,
EWS,,
CEMB,,
EWI,,
IBMP,,
ISCV,,
EEMA,,
HEZU,,
TECB,,
IXG,,
IBDY,,
EMHY,,
EEMS,,
HYBB,,
LCTD,,
IBHF,,
SIZE,,
BGRN,,
DIVB,,
GNMA,,
EPOL,,
LQDH,,
IBMQ,,
HEWJ,,
IEZ,,
SDG,,
EDEN,,
EWD,,
EWN,,
IXP,,
EZA,,
EWJV,,
RXI,,
MXI,,
EWM,,
IDRV,,
XVV,,
THD,,
CMDY,,
IETC,,
GBF,,
IYZ,,
HYGH,,
TUR,,
IBTJ,,
ISCB,,
IBTK,,
HAWX,,
EWZS,,
TOK,,
WOOD,,
SLVP,,
GOVZ,,
IBTM,,
CNYA,,
ISVL,,
XJH,,
LQDW,,
IMTB,,
IBTL,,
BYLD,,
IBTO,,
EIS,,
HEEM,,
IDNA,,
VEGI,,
GHYG,,
SCJ,,
HYXF,,
HSCZ,,
EPHE,,
GLOF,,
JXI,,
EIRL,,
IYLD,,
CLOA,,
IEUS,,
IFGL,,
EPU,,
FILL,,
IGBH,,
IBHG,,
IBMR,,
HYMU,,
ENZL,,
JPXN,,
ISHG,,
BRTR,,
QAT,,
EMXF,,
SVAL,,
KWT,,
BKF,,
XJR,,
IBHH,,
FIBR,,
HYGW,,
EWO,,
IEDI,,
PABD,,
ECNS,,
HYXU,,
STLG,,
CCRV,,
LQDI,,
IVVB,,
IDGT,,
DVYA,,
BEMB,,
UAE,,
EWUS,,
IAUF,,
IBHI,,
BRLN,,
IVVM,,
WPS,,
HEWG,,
LQDB,,
LDEM,,
BALI,,
ENOR,,
EAOA,,
EMIF,,
EWK,,
CALY,,
INMU,,
EAOR,,
FOVL,,
IBLC,,
EFNL,,
IVVW,,
IBHJ,,
IBIC,,
IWMW,,
BTEK,,
IBIB,,
IBID,,
IBIE,,
IBIJ,,
TMET,,
IBIA,,
USBF,,
ELQD,,
ESMV,,
IBIG,,
IBIF,,
IBII,,
ITDC,,
ERET,,
IBAT,,
IBIH,,
EAOK,,
ICOP,,
ITDB,,
BLCV,,
IDAT,,
BLCR,,
BTHM,,
ITDF,,
IVRS,,
TCHI,,
ITDE,,
ITDD,,
IWTR,,
EAOM,,
EGUS,,
INRO,,
ISZE,,
AGRH,,
IVEG,,
BPAY,,
EFRA,,
ITDG,,
EVUS,,
BMED,,
IBRN,,
ITDI,,
ETEC,,
IRTR,,
BECO,,
IWFH,,
ITDH,,
ILIT,,
ITDA,,
HYGI,,
AGIH,,
